,att_id,att_name,att_cat,att_price,score
540,2248,niagara_on_the_lake_wine_tour_with_cheese_pairing,family_friendly,83.62,5.0
674,3317,niagara_on_the_lake_wine_tour_with_cheese_pairing,recommended_experiences,83.62,4.6961387422465535
70,222,niagara_on_the_lake_wine_tour_with_cheese_pairing,cultural_&_theme_tours,83.62,4.081500543056889
688,3332,niagara-on-the-lake_wine-tasting_tour_with_gourmet_lunch_or_dinner,recommended_experiences,157.07,4.036506754691353
609,2602,niagara_on_the_lake_wine_tour_with_cheese_pairing,luxury_&_special_occasions,83.62,3.9918207985873058
611,2604,niagara-on-the-lake_wine-tasting_tour_with_gourmet_lunch_or_dinner,luxury_&_special_occasions,157.07,3.969363640391927
148,580,niagara-on-the-lake_wine-tasting_tour_with_gourmet_lunch_or_dinner,"food,_wine_&_nightlife",157.07,3.594205316873691
613,2606,niagara_falls_helicopter_tour,luxury_&_special_occasions,145.0,3.246985122807295
314,1323,niagara_on_the_lake_wine_tour_with_cheese_pairing,tours_&_sightseeing,83.62,3.2440115734489483
546,2256,niagara-on-the-lake_wine-tasting_tour_with_gourmet_lunch_or_dinner,family_friendly,157.07,3.0560363493175666
321,1333,niagara-on-the-lake_wine-tasting_tour_with_gourmet_lunch_or_dinner,tours_&_sightseeing,157.07,2.7973411232709102
9,14,niagara_falls_helicopter_tour,"air,_helicopter_&_balloon_tours",145.0,2.762411406291003
115,428,ultimate_day_tour_to_victoria,day_trips_&_excursions,363.56,2.7064306985061855
106,413,niagara_on_the_lake_wine_tour_with_cheese_pairing,day_trips_&_excursions,83.62,2.6793657876506876
71,224,niagara-on-the-lake_wine-tasting_tour_with_gourmet_lunch_or_dinner,cultural_&_theme_tours,157.07,2.5963026527383803
553,2266,ultimate_day_tour_to_victoria,family_friendly,363.56,2.361662620330966
615,2609,ultimate_day_tour_to_victoria,luxury_&_special_occasions,363.56,2.33473897496533
548,2258,niagara_falls_helicopter_tour,family_friendly,145.0,2.2943044451365275
209,887,ultimate_day_tour_to_victoria,sightseeing_tickets_&_passes,363.56,2.1590262765422765
31,81,whale-watching_tour_from_vancouver,"cruises,_sailing_&_water_tours",138.5,2.1410761524430626
327,1340,niagara_falls_helicopter_tour,tours_&_sightseeing,145.0,2.0150144622952717
107,415,niagara-on-the-lake_wine-tasting_tour_with_gourmet_lunch_or_dinner,day_trips_&_excursions,157.07,1.9864082816921813
552,2265,whale-watching_tour_from_vancouver,family_friendly,138.5,1.962359899936492
334,1355,ultimate_day_tour_to_victoria,tours_&_sightseeing,363.56,1.9007400878841745
24,74,niagara_falls_american-side_tour_with_maid_of_the_mist_boat_ride,"cruises,_sailing_&_water_tours",136.26,1.8570546677238189
675,3318,niagara_falls_american-side_tour_with_maid_of_the_mist_boat_ride,recommended_experiences,136.25,1.8209280054911243
315,1324,niagara_falls_american-side_tour_with_maid_of_the_mist_boat_ride,tours_&_sightseeing,136.26,1.7945335786024315
151,583,niagara_falls_one_day_sightseeing_tour_from_toronto,"food,_wine_&_nightlife",99.0,1.771461404634889
718,3377,ultimate_day_tour_to_victoria,recommended_experiences,363.56,1.7651527895268058
649,3284,walking_tour_of_old_montreal,recommended_experiences,29.5,1.7045038330684155
438,1909,walking_tour_of_old_montreal,walking_&_biking_tours,29.5,1.696151004143784
236,980,ultimate_day_tour_to_victoria,outdoor_activities,363.56,1.655844116037738
454,1931,ultimate_day_tour_to_victoria,walking_&_biking_tours,363.56,1.6276854113089616
537,2245,victoria_guided_food_and_history_tour,family_friendly,63.0,1.6186598277896742
32,82,ultimate_day_tour_to_victoria,"cruises,_sailing_&_water_tours",363.56,1.602380237037846
229,966,niagara_falls_helicopter_tour,outdoor_activities,145.0,1.570153215951223
535,2243,half-day_trip_to_montmorency_falls_and_ste-anne-de-beaupré_from_quebec,family_friendly,57.5,1.4890716904018633
541,2249,niagara_falls_american-side_tour_with_maid_of_the_mist_boat_ride,family_friendly,136.25,1.446199317199803
612,2605,niagara_falls_one_day_sightseeing_tour_from_toronto,luxury_&_special_occasions,99.0,1.3835964854757863
658,3296,"best_of_niagara_falls_tour_from_niagara_falls,_ontario",recommended_experiences,158.0,1.365686421739369
440,1912,victoria_guided_food_and_history_tour,walking_&_biking_tours,63.0,1.365380211354916
206,859,"best_of_niagara_falls_tour_from_niagara_falls,_ontario",sightseeing_tickets_&_passes,158.0,1.3495691808788741
499,2086,whale-watching_tour_from_vancouver,water_sports,138.5,1.3382458841622649
659,3298,half-day_trip_to_montmorency_falls_and_ste-anne-de-beaupré_from_quebec,recommended_experiences,57.5,1.3368551246036404
65,216,half-day_trip_to_montmorency_falls_and_ste-anne-de-beaupré_from_quebec,cultural_&_theme_tours,57.5,1.3258588793914006
437,1908,walking_tour_of_old_montreal,walking_&_biking_tours,29.5,1.320057587420271
325,1338,niagara_falls_one_day_sightseeing_tour_from_toronto,tours_&_sightseeing,99.0,1.3154469964753384
501,2088,ultimate_day_tour_to_victoria,water_sports,363.56,1.2872359862121416
722,3381,zipline_adventure_in_whistler,recommended_experiences,103.95,1.2822762862351462
310,1312,butchart_gardens_tour_from_victoria,tours_&_sightseeing,73.5,1.2259096528095421
547,2257,niagara_falls_one_day_sightseeing_tour_from_toronto,family_friendly,99.0,1.1754240266114016
308,1310,"best_of_niagara_falls_tour_from_niagara_falls,_ontario",tours_&_sightseeing,158.0,1.1524042392721314
141,568,victoria_guided_food_and_history_tour,"food,_wine_&_nightlife",63.0,1.1250567163430591
207,861,butchart_gardens_tour_from_victoria,sightseeing_tickets_&_passes,73.5,1.0982585231661803
735,3404,stanley_park_horse-drawn_tours,recommended_experiences,42.0,1.0665093070544505
213,947,butchart_gardens_tour_from_victoria,outdoor_activities,73.5,1.0262009592590717
67,218,victoria_guided_food_and_history_tour,cultural_&_theme_tours,63.0,1.0021975845911395
498,2085,victoria_whale_and_wildlife_cruise,water_sports,151.2,0.9471028271373992
309,1311,half-day_trip_to_montmorency_falls_and_ste-anne-de-beaupré_from_quebec,tours_&_sightseeing,57.5,0.9325996783034268
401,1647,niagara_falls_american_side_highlights_tour,tours_&_sightseeing,149.89,0.9204750932370352
4,4,"best_of_niagara_falls_tour_from_niagara_falls,_ontario",featured_tours_and_tickets,158.0,0.9044142936974034
661,3300,butchart_gardens_tour_from_victoria,recommended_experiences,73.5,0.8983380935686215
103,409,half-day_trip_to_montmorency_falls_and_ste-anne-de-beaupré_from_quebec,day_trips_&_excursions,57.5,0.866351272471074
92,344,original_haunted_walk_of_toronto,cultural_&_theme_tours,24.5,0.8434468005890846
664,3303,victoria_guided_food_and_history_tour,recommended_experiences,63.0,0.8332044038233154
307,1309,vancouver_city_hop-on_hop-off_tour,tours_&_sightseeing,31.2,0.8015555008062805
173,622,niagara-on-the-lake_cycle_and_wine-tasting_tour_with_optional_two_course_lunch,"food,_wine_&_nightlife",77.98,0.7856571322518338
324,1337,montreal_city_hop-on_hop-off_tour,tours_&_sightseeing,56.0,0.7730025177699805
580,2429,niagara_falls_american_side_highlights_tour,family_friendly,149.89,0.7679362604717005
28,78,victoria_whale_and_wildlife_cruise,"cruises,_sailing_&_water_tours",151.2,0.7463464010214813
95,357,niagara_falls_american_side_highlights_tour,cultural_&_theme_tours,149.89,0.7336201806684756
525,2198,okanagan_flyboard_experience,water_sports,124.0,0.7252974375628671
656,3294,vancouver_city_hop-on_hop-off_tour,recommended_experiences,31.2,0.6962875717654423
341,1367,stanley_park_horse-drawn_tours,tours_&_sightseeing,42.0,0.6789617081374991
706,3357,small-group_granville_island_market_tour,recommended_experiences,79.9,0.6722844403790655
701,3349,bird_kingdom_all_day_admission_ticket,recommended_experiences,20.28,0.6561603876350182
697,3345,montreal_city_hop-on_hop-off_tour,recommended_experiences,56.0,0.654831664873032
566,2390,6-hour_niagara_falls_canadian_side_evening_illuminations_tour,family_friendly,149.89,0.6490186548403151
312,1315,toronto_city_hop-on_hop-off_tour,tours_&_sightseeing,43.0,0.6259124214550104
746,3422,niagara-on-the-lake_cycle_and_wine-tasting_tour_with_optional_two_course_lunch,recommended_experiences,77.98,0.6173964722474531
663,3302,toronto_city_hop-on_hop-off_tour,recommended_experiences,43.0,0.613148330273207
608,2601,niagara_falls_day_and_evening_tour_with_boat_cruise_and_optional_fallsview_dinner,luxury_&_special_occasions,169.0,0.6084859203569649
68,220,niagara_falls_day_and_evening_tour_with_boat_cruise_and_optional_fallsview_dinner,cultural_&_theme_tours,169.0,0.5980928512145237
539,2247,niagara_falls_day_and_evening_tour_with_boat_cruise_and_optional_fallsview_dinner,family_friendly,169.0,0.5819680280788841
427,1771,day_trip_from_seattle_to_victoria_on_the_victoria_clipper,transfers_&_ground_transport,170.41,0.5752917739935982
673,3316,niagara-on-the-lake_wine_tour_and_tastings_with_transport,recommended_experiences,40.0,0.5740881790449625
503,2090,riverside_rafting_on_clearwater_river_in_wells_gray_park,water_sports,104.0,0.5662217104965902
193,729,little_italy_walking_food_tour_in_vancouver,"food,_wine_&_nightlife",73.0,0.5506788979354257
208,878,bird_kingdom_all_day_admission_ticket,sightseeing_tickets_&_passes,20.28,0.547000318629401
144,574,gastronomic_gastown_walking_tour,"food,_wine_&_nightlife",146.35,0.5435708596361517
147,579,island_of_orleans_food_and_drink_tour,"food,_wine_&_nightlife",44.95,0.5334183959520451
155,587,small-group_granville_island_market_tour,"food,_wine_&_nightlife",79.9,0.5299877205510185
460,1944,niagara-on-the-lake_cycle_and_wine-tasting_tour_with_optional_two_course_lunch,walking_&_biking_tours,77.98,0.5279787420130837
781,3507,niagara_falls_canada_tour_from_niagara_usa,recommended_experiences,156.7,0.5143473520861207
142,571,niagara_falls_day_and_evening_tour_with_boat_cruise_and_optional_fallsview_dinner,"food,_wine_&_nightlife",169.0,0.5128616316270211
444,1917,gastronomic_gastown_walking_tour,walking_&_biking_tours,146.35,0.5091414917219415
500,2087,niagara_falls_open-top_jet-boat_ride,water_sports,79.04,0.5046368093474791
326,1339,bird_kingdom_all_day_admission_ticket,tours_&_sightseeing,20.28,0.49656140248990593
654,3292,quebec_city_and_montmorency_falls_day_trip_from_montreal,recommended_experiences,115.0,0.48690093520476
228,965,bird_kingdom_all_day_admission_ticket,outdoor_activities,20.28,0.48486195194165366
716,3374,niagara_falls_open-top_jet-boat_ride,recommended_experiences,79.04,0.48289279048496
666,3308,half-day_whale_watching_adventure_from_vancouver,recommended_experiences,181.13,0.4677731256425652
660,3299,johnston_canyon_icewalk,recommended_experiences,79.8,0.4451642408504408
392,1601,guided_electric_bike_tour_in_whistler,tours_&_sightseeing,134.96,0.44457991910118905
212,946,johnston_canyon_icewalk,outdoor_activities,79.8,0.4441337407285038
114,424,columbia_icefield_tour_including_the_glacier_skywalk_from_banff,day_trips_&_excursions,281.4,0.4425260956632006
140,567,small-group_quebec_city_food_tour,"food,_wine_&_nightlife",53.0,0.4366319512317429
795,3540,little_italy_walking_food_tour_in_vancouver,recommended_experiences,73.0,0.43594626216772253
686,3330,island_of_orleans_food_and_drink_tour,recommended_experiences,44.95,0.43446771851450855
536,2244,day_trip_from_seattle_to_victoria_on_the_victoria_clipper,family_friendly,170.4,0.42301483382269933
279,1146,guided_zipline_tour_in_mont_tremblant,outdoor_activities,114.58,0.4220559801188407
682,3326,private_tour:_quebec_city_walking_tour,recommended_experiences,25.72,0.4134647758167993
2,2,quebec_city_and_montmorency_falls_day_trip_from_montreal,featured_tours_and_tickets,115.0,0.41155448849652315
556,2273,quebec_city_historic_discoverers_cruise,family_friendly,44.83,0.41024543099360217
303,1303,vancouver_city_sightseeing_tour,tours_&_sightseeing,80.0,0.410203464925288
679,3323,gastronomic_gastown_walking_tour,recommended_experiences,146.35,0.40754861440457385
550,2261,toronto's_original_brunch_food_tour,family_friendly,99.0,0.40635406142041547
652,3288,vancouver_city_sightseeing_tour,recommended_experiences,80.0,0.4004356293803392
23,72,half-day_whale_watching_adventure_from_vancouver,"cruises,_sailing_&_water_tours",181.13,0.39918654078083526
790,3530,guided_electric_bike_tour_in_whistler,recommended_experiences,134.96,0.39710096909986137
712,3367,columbia_icefield_tour_including_the_glacier_skywalk_from_banff,recommended_experiences,281.4,0.3942515338817176
379,1571,niagara_falls_canada_tour_from_niagara_usa,tours_&_sightseeing,156.71,0.39363100372763044
669,3312,niagara_falls_day_and_evening_tour_with_boat_cruise_and_optional_fallsview_dinner,recommended_experiences,169.0,0.3934155779102843
637,2712,private_tour:_quebec_city_walking_tour,private_&_custom_tours,25.72,0.3878548508505633
591,2462,skagway_shore_excursion:_full-day_tour_of_the_yukon,shore_excursions,157.45,0.3869934719565861
607,2600,day_trip_from_seattle_to_victoria_on_the_victoria_clipper,luxury_&_special_occasions,170.4,0.38671961801900745
235,976,columbia_icefield_tour_including_the_glacier_skywalk_from_banff,outdoor_activities,281.4,0.38494751462222376
575,2419,ottawa_river_historic_sightseeing_cruise,family_friendly,28.0,0.3826377589879077
84,325,niagara_falls_canada_tour_from_niagara_usa,cultural_&_theme_tours,156.71,0.3821584132298302
323,1335,"jasper_national_park_tour:_maligne_valley,_medicine_lake_and_spirit_island",tours_&_sightseeing,72.45,0.3765514221276488
164,603,crystal_hut_fondue_by_snowmobile,"food,_wine_&_nightlife",282.45,0.37279365467532705
74,240,niagara-on-the-lake_cycle_and_wine-tasting_tour_with_optional_two_course_lunch,cultural_&_theme_tours,77.98,0.36821728533586046
476,2017,guided_electric_bike_tour_in_whistler,walking_&_biking_tours,134.96,0.3620791700512178
73,233,quebec_city_historic_discoverers_cruise,cultural_&_theme_tours,44.83,0.35595520564371685
349,1393,niagara-on-the-lake_cycle_and_wine-tasting_tour_with_optional_two_course_lunch,tours_&_sightseeing,77.98,0.3518381518809295
224,960,"jasper_national_park_tour:_maligne_valley,_medicine_lake_and_spirit_island",outdoor_activities,72.45,0.34305803945108543
429,1773,hop-on_and_hop-off_banff_bus,transfers_&_ground_transport,60.0,0.3390163624235599
342,1368,montmorency_falls_bike_tour_in_quebec,tours_&_sightseeing,77.0,0.3362360191671624
346,1390,vancouver_biking_and_hiking_tour_including_lunch,tours_&_sightseeing,135.5,0.3352768410878965
122,447,niagara-on-the-lake_cycle_and_wine-tasting_tour_with_optional_two_course_lunch,day_trips_&_excursions,77.98,0.33311467626388347
398,1618,rideau_canal_cruise,tours_&_sightseeing,29.0,0.32949379523342515
48,150,victoria_whale_watching_tour_on_a_covered_vessel,"cruises,_sailing_&_water_tours",122.0,0.3284924888981414
250,1010,vancouver_biking_and_hiking_tour_including_lunch,outdoor_activities,135.5,0.32750407648529634
33,88,quebec_city_historic_discoverers_cruise,"cruises,_sailing_&_water_tours",44.83,0.32694465054855165
101,407,quebec_city_and_montmorency_falls_day_trip_from_montreal,day_trips_&_excursions,115.0,0.3264260959131217
0,0,vancouver_city_sightseeing_tour,featured_tours_and_tickets,80.0,0.32478143150446503
36,93,victoria_whale_watch_tour,"cruises,_sailing_&_water_tours",114.45,0.32466948144203467
445,1918,private_tour:_quebec_city_walking_tour,walking_&_biking_tours,25.72,0.32159586227054876
689,3333,evening_wildlife_safari,recommended_experiences,58.8,0.32088677763027984
104,411,whistler_small-group_day_trip_from_vancouver,day_trips_&_excursions,145.0,0.3181590642837101
249,1009,victoria_whale_watch_tour,outdoor_activities,114.45,0.316299987730855
702,3350,victoria_and_butchart_gardens_tour_from_vancouver,recommended_experiences,212.0,0.3112393664552761
655,3293,small-group_quebec_city_food_tour,recommended_experiences,53.0,0.3080158047517846
157,591,small-group_gourmet_food_tour_in_vancouver,"food,_wine_&_nightlife",131.87,0.3076438475269729
557,2274,montmorency_falls_bike_tour_in_quebec,family_friendly,77.0,0.30716612364593165
113,422,athabasca_glacier_snow_trip_from_banff,day_trips_&_excursions,273.0,0.3059068780414879
143,573,niagara-on-the-lake_wine_tour_and_tastings_with_transport,"food,_wine_&_nightlife",40.0,0.30564786427879137
306,1308,quebec_city_and_montmorency_falls_day_trip_from_montreal,tours_&_sightseeing,115.0,0.30340044954305795
738,3413,victoria_whale_watch_tour,recommended_experiences,114.45,0.30200139813808546
64,215,niagara_falls_small-group_day_tour_from_toronto,cultural_&_theme_tours,100.57,0.3012159839097958
88,335,ottawa_river_historic_sightseeing_cruise,cultural_&_theme_tours,28.0,0.299896343659213
439,1911,small-group_quebec_city_food_tour,walking_&_biking_tours,53.0,0.2958549099132429
304,1305,niagara_falls_small-group_day_tour_from_toronto,tours_&_sightseeing,100.57,0.2946207831293989
27,77,"jasper_national_park_tour:_maligne_valley,_medicine_lake_and_spirit_island","cruises,_sailing_&_water_tours",72.45,0.2925705683678162
78,301,6-hour_niagara_falls_canadian_side_evening_illuminations_tour,cultural_&_theme_tours,149.89,0.2912662548552264
317,1327,guided_tour_of_the_fairmont_le_château_frontenac_in_quebec_city,tours_&_sightseeing,26.25,0.28848418835447776
239,985,crystal_hut_fondue_by_snowmobile,outdoor_activities,282.45,0.2881803702386535
335,1356,small-group_quebec_wine_tour_from_montreal_with_gourmet_lunch_or_cheese_tasting,tours_&_sightseeing,97.73,0.28798223768520687
91,341,rideau_canal_cruise,cultural_&_theme_tours,29.0,0.2879448939664462
358,1511,6-hour_niagara_falls_canadian_side_evening_illuminations_tour,tours_&_sightseeing,149.89,0.28736669480300636
603,2543,4-day_yukon_aurora_viewing_tour,multi-day_&_extended_tours,702.45,0.2846461785357852
82,320,animated_crime_walking_tour_in_old_quebec,cultural_&_theme_tours,20.0,0.28440332272306273
51,162,ottawa_river_historic_sightseeing_cruise,"cruises,_sailing_&_water_tours",28.0,0.2833809319863072
458,1942,vancouver_biking_and_hiking_tour_including_lunch,walking_&_biking_tours,135.5,0.2809261805449462
302,1302,montreal_city_guided_sightseeing_tour,tours_&_sightseeing,55.0,0.28000909017477227
39,123,granite_falls_zodiac_tour,"cruises,_sailing_&_water_tours",103.95,0.2771282513625132
651,3287,montreal_city_guided_sightseeing_tour,recommended_experiences,55.0,0.2762459299813048
55,171,rideau_canal_cruise,"cruises,_sailing_&_water_tours",29.0,0.2687172173257414
451,1928,toronto's_original_brunch_food_tour,walking_&_biking_tours,99.0,0.266919569365636
753,3434,granite_falls_zodiac_tour,recommended_experiences,103.95,0.26691885979443264
533,2241,niagara_falls_small-group_day_tour_from_toronto,family_friendly,100.57,0.26559459719429634
747,3423,ottawa_city_tour_by_land_and_water,recommended_experiences,36.45,0.26512484078419596
710,3365,small-group_gourmet_food_tour_in_vancouver,recommended_experiences,131.87,0.26279803516753586
728,3393,2-hour_ottawa_express_city_bike_tour,recommended_experiences,63.0,0.2565964233969222
45,145,lady_muskoka_boat_cruise,"cruises,_sailing_&_water_tours",42.94,0.25482142089493615
171,620,quebec_city_craft_brewery_and_beer_tasting_small-group_tour,"food,_wine_&_nightlife",74.73,0.25423415949355604
592,2463,day_trip_from_seattle_to_victoria_on_the_victoria_clipper,shore_excursions,170.4,0.25164396104620135
131,510,4_hour_montreal_architecture_&_city_bike_tour_with_wine_or_beer,day_trips_&_excursions,86.23,0.24965833753758915
456,1936,montmorency_falls_bike_tour_in_quebec,walking_&_biking_tours,77.0,0.24790460189824154
93,346,yukon_breakfast_snowmobile_tour,cultural_&_theme_tours,246.75,0.24784836331200794
773,3485,whistler_wilderness_adventure_snowmobile_tour,recommended_experiences,159.0,0.24494226376490852
354,1504,4-day_yukon_aurora_viewing_tour,tours_&_sightseeing,702.45,0.24300075531168364
684,3328,northern_lights_tour_from_yellowknife,recommended_experiences,100.0,0.24274147799396867
292,1203,whistler_blackcomb_salmon_bake_dinner_and_atv_tour,outdoor_activities,183.75,0.2390615403659262
337,1358,quebec_city_hop-on_hop-off_tour,tours_&_sightseeing,42.55,0.23805948391251325
153,585,gastown_walking_food_tour,"food,_wine_&_nightlife",93.45,0.23552228029731953
473,2014,whales_&_fly:_whale_watching_from_vancouver_to_victoria_&_return_seaplane_flight,walking_&_biking_tours,447.57,0.23380448950778882
43,135,summer_whale_watching_on_vancouver_island,"cruises,_sailing_&_water_tours",145.95,0.23234147532719734
478,2025,little_italy_walking_food_tour_in_vancouver,walking_&_biking_tours,73.0,0.23129617557730414
504,2091,wild_current_canoe_adventure_at_pyramid_lake,water_sports,120.0,0.22989787429046094
668,3310,vancouver_seaplane_tour,recommended_experiences,135.0,0.22947687555876417
7,11,vancouver_seaplane_tour,"air,_helicopter_&_balloon_tours",135.0,0.22889768299563967
150,582,vancouver_brewery_tour,"food,_wine_&_nightlife",83.99,0.2286436565048297
264,1097,whistler_sasquatch_zipline,outdoor_activities,135.45,0.2279696044085448
506,2124,three_sisters_sea_kayaking_day_tour,water_sports,136.85,0.22775973352004802
160,597,kensington_market_-toronto's_neighborhood_international_food_tour,"food,_wine_&_nightlife",89.0,0.22703674128419282
269,1108,whistler_wilderness_adventure_snowmobile_tour,outdoor_activities,159.0,0.22647463925033828
190,719,vancouver_craft_brewery_and_food_tour,"food,_wine_&_nightlife",94.99,0.22421126929926033
572,2409,whales_&_fly:_whale_watching_from_vancouver_to_victoria_&_return_seaplane_flight,family_friendly,447.57,0.22301434431993633
505,2093,victoria_whale_watch_tour,water_sports,114.45,0.22177070928196696
745,3421,quebec_city_craft_brewery_and_beer_tasting_small-group_tour,recommended_experiences,74.73,0.22164933205926307
606,2599,niagara_falls_small-group_day_tour_from_toronto,luxury_&_special_occasions,100.57,0.22158230799073814
394,1612,electric_bike_tour_of_quebec_city,tours_&_sightseeing,85.0,0.22006715046342973
232,971,athabasca_glacier_snow_trip_from_banff,outdoor_activities,273.0,0.21976377836379044
681,3325,guided_tour_of_the_fairmont_le_château_frontenac_in_quebec_city,recommended_experiences,26.25,0.2178141402519211
471,2008,toronto_islands_evening_bike_tour,walking_&_biking_tours,96.05,0.2154983228521819
339,1363,peggy's_cove_day_trip_from_halifax,tours_&_sightseeing,57.49,0.21394044913843005
799,3549,rideau_canal_cruise,recommended_experiences,29.0,0.21107765370819978
508,2127,summer_whale_watching_on_vancouver_island,water_sports,145.95,0.21100552072701048
690,3336,vancouver_harbor_sunset_dinner_cruise,recommended_experiences,97.69,0.21002880610228963
626,2681,whales_&_fly:_whale_watching_from_vancouver_to_victoria_&_return_seaplane_flight,luxury_&_special_occasions,447.57,0.2087985110029438
514,2143,whales_&_fly:_whale_watching_from_vancouver_to_victoria_&_return_seaplane_flight,water_sports,447.57,0.20816490446525154
749,3425,4-day_yukon_aurora_viewing_tour,recommended_experiences,702.45,0.2076846666748041
13,35,whales_&_fly:_whale_watching_from_vancouver_to_victoria_&_return_seaplane_flight,"air,_helicopter_&_balloon_tours",447.57,0.2071051497362723
188,713,4_hour_montreal_architecture_&_city_bike_tour_with_wine_or_beer,"food,_wine_&_nightlife",86.23,0.20602939924502262
670,3313,ice_explorer_glacier_tour_and_glacier_skywalk,recommended_experiences,114.45,0.20545570079035858
163,600,small-group_quebec_wine_tour_from_montreal_with_gourmet_lunch_or_cheese_tasting,"food,_wine_&_nightlife",97.73,0.20340161379735172
305,1307,vancouver_tour_including_capilano_suspension_bridge,tours_&_sightseeing,130.0,0.20168962121822578
736,3406,wild_current_canoe_adventure_at_pyramid_lake,recommended_experiences,120.0,0.19994093367115362
698,3346,small-group_toronto_beer_tour,recommended_experiences,80.0,0.1999105032032601
443,1916,vancouver_highlights_bike_tour,walking_&_biking_tours,94.45,0.19959087178633192
222,958,evening_wildlife_safari,outdoor_activities,58.8,0.19937467557739358
116,429,small-group_quebec_wine_tour_from_montreal_with_gourmet_lunch_or_cheese_tasting,day_trips_&_excursions,97.73,0.19657945159918802
340,1364,2-hour_ottawa_express_city_bike_tour,tours_&_sightseeing,63.0,0.19549449695575732
708,3360,athabasca_glacier_snow_trip_from_banff,recommended_experiences,273.0,0.19427642675457257
196,769,whistler_blackcomb_salmon_bake_dinner_and_atv_tour,"food,_wine_&_nightlife",183.75,0.19400634368110328
267,1103,blackcomb_glacier_safari_by_jeep_4x4,outdoor_activities,145.95,0.19186364138152578
108,417,skagway_shore_excursion:_bennett_train_journey_on_the_white_pass_rail,day_trips_&_excursions,322.48,0.19153766437069308
319,1330,northern_lights_tour_from_yellowknife,tours_&_sightseeing,100.0,0.18960663729781527
703,3351,gastown_walking_food_tour,recommended_experiences,93.45,0.18942072964252976
214,948,whistler_small-group_day_trip_from_vancouver,outdoor_activities,145.0,0.18861412964545352
449,1923,old_montreal_discovery_tour,walking_&_biking_tours,60.0,0.1863692896395152
563,2387,4-day_yukon_aurora_viewing_tour,family_friendly,702.45,0.18610918110981914
5,6,whistler_small-group_day_trip_from_vancouver,featured_tours_and_tickets,145.0,0.1860169165799168
256,1079,covered_wagon_or_horseback_ride_in_banff_with_western_cookout,outdoor_activities,103.95,0.1851786291602439
578,2423,rideau_canal_cruise,family_friendly,29.0,0.18371555415926358
322,1334,evening_wildlife_safari,tours_&_sightseeing,58.8,0.18156944591790988
816,3605,independent_bike_tour_of_niagara-on-the-lake_wineries_including_wine_tastings,recommended_experiences,64.0,0.17962059847109574
428,1772,vancouver_aquabus_ferry_ticket,transfers_&_ground_transport,16.0,0.1795288205043043
782,3509,whales_&_fly:_whale_watching_from_vancouver_to_victoria_&_return_seaplane_flight,recommended_experiences,447.57,0.17934751492510928
543,2252,northern_lights_tour_from_yellowknife,family_friendly,100.0,0.17846207143060605
721,3380,small-group_quebec_wine_tour_from_montreal_with_gourmet_lunch_or_cheese_tasting,recommended_experiences,97.73,0.1764822258589357
313,1321,ultimate_toronto_tour,tours_&_sightseeing,175.0,0.17394013633917013
331,1348,toronto's_original_brunch_food_tour,tours_&_sightseeing,99.0,0.17145819818398822
587,2449,independent_bike_tour_of_niagara-on-the-lake_wineries_including_wine_tastings,family_friendly,64.0,0.17093743374109632
111,420,victoria_and_butchart_gardens_tour_from_vancouver,day_trips_&_excursions,212.0,0.17068300178102727
109,418,mountain_lakes_and_waterfalls_day_trip_from_banff,day_trips_&_excursions,183.75,0.1689614198539242
266,1101,sea_to_sky_exotic_driving_experience,outdoor_activities,404.25,0.1683040528176502
678,3321,vancouver_highlights_bike_tour,recommended_experiences,94.45,0.16712472520417
763,3470,whistler_sasquatch_zipline,recommended_experiences,135.45,0.16701275486827666
380,1575,whales_&_fly:_whale_watching_from_vancouver_to_victoria_&_return_seaplane_flight,tours_&_sightseeing,447.57,0.16642405405102687
596,2485,4-day_yukon_aurora_viewing_tour,shore_excursions,702.45,0.16278977226155614
254,1076,rockies_classic_4-day_summer_tour,outdoor_activities,687.0,0.16036887750332784
274,1137,fishing_adventure_in_whistler,outdoor_activities,165.0,0.16007491229049908
593,2464,skagway_shore_excursion:_bennett_train_journey_on_the_white_pass_rail,shore_excursions,322.47,0.1588169641876844
696,3344,mountain_lakes_and_waterfalls_day_trip_from_banff,recommended_experiences,183.75,0.15840109464211496
97,368,quebec_city_shore_excursion:_grand_walking_tour_of_quebec_city,cultural_&_theme_tours,30.99,0.1581163133080042
387,1589,4_hour_montreal_architecture_&_city_bike_tour_with_wine_or_beer,tours_&_sightseeing,86.23,0.15773286102969777
529,2213,athabasca_river_mile_5_morning_rafting_trip,water_sports,72.45,0.15665682670996672
262,1089,medicine_trail_snowshoe_tour,outdoor_activities,93.45,0.15562288009932757
100,406,vancouver_to_victoria_and_butchart_gardens_tour_by_bus,day_trips_&_excursions,210.0,0.15546612568376947
455,1934,2-hour_ottawa_express_city_bike_tour,walking_&_biking_tours,63.0,0.15399587387690356
450,1926,"show_me_the_city,_toronto_walking_tour",walking_&_biking_tours,36.0,0.15231802180939166
425,1750,bowen_island_dinner_and_zodiac_tour,tours_&_sightseeing,135.45,0.15004962403950117
219,955,northern_lights_tour_from_yellowknife,outdoor_activities,100.0,0.14855467915475762
725,3389,peggy's_cove_day_trip_from_halifax,recommended_experiences,57.49,0.14842997708412936
597,2490,sea_to_sky_exotic_driving_experience,shore_excursions,404.25,0.14818989873583155
600,2505,quebec_city_shore_excursion:_grand_walking_tour_of_quebec_city,shore_excursions,30.99,0.1476874006830609
812,3593,whistler_blackcomb_salmon_bake_dinner_and_atv_tour,recommended_experiences,183.75,0.14764849590765275
330,1345,"show_me_the_city,_toronto_walking_tour",tours_&_sightseeing,36.0,0.1469254833983346
361,1518,1-hour_distillery_history_district_by_segway,tours_&_sightseeing,77.97,0.14690220946286375
363,1523,30-minute_heritage_horse-drawn_carriage_tour,tours_&_sightseeing,115.0,0.14682460264667696
671,3314,ultimate_toronto_tour,recommended_experiences,175.0,0.1451883314516831
1,1,vancouver_to_victoria_and_butchart_gardens_tour_by_bus,featured_tours_and_tickets,210.0,0.14512951813565442
562,2386,rockies_classic_4-day_summer_tour,family_friendly,687.0,0.14468554957043114
820,3623,athabasca_river_mile_5_morning_rafting_trip,recommended_experiences,72.45,0.1442074607670568
6,8,"local_food,_craft_beverage_and_estate_winery_tour_of_cowichan_valley",local_experiences,150.0,0.14416900200783359
693,3341,whistler_superfly_ziplines,recommended_experiences,103.95,0.14302249713087545
740,3415,a_wok_around_chinatown:_culinary_and_cultural_walking_tour,recommended_experiences,108.0,0.14292692802651166
378,1566,toronto_islands_evening_bike_tour,tours_&_sightseeing,96.05,0.1426616497637624
166,606,3-hour_old_chinatown_food_tour_in_toronto,"food,_wine_&_nightlife",100.0,0.14165411947535192
489,2056,independent_bike_tour_of_niagara-on-the-lake_wineries_including_wine_tastings,walking_&_biking_tours,64.0,0.1405605486101659
246,998,whistler_wilderness_snowmobile_run,outdoor_activities,208.96,0.1381817415610295
610,2603,northern_lights_tour_from_yellowknife,luxury_&_special_occasions,100.0,0.1376809870260729
646,3108,"craft_vine,_orchard_&_stills",private_&_custom_tours,140.0,0.13728462055186494
479,2027,electric_bike_tour_of_quebec_city,walking_&_biking_tours,85.0,0.13635006459335633
665,3305,whistler_small-group_day_trip_from_vancouver,recommended_experiences,145.0,0.13466117362526614
447,1921,lost_souls_of_gastown_walking_tour,walking_&_biking_tours,30.45,0.13439410116104544
461,1947,talking_trees_-_indigenous_walking_tour,walking_&_biking_tours,40.0,0.1335873187028026
158,594,fine_dining_dinner_tour_in_whistler,"food,_wine_&_nightlife",131.24,0.13357490120674345
791,3531,vancouver_craft_brewery_and_food_tour,recommended_experiences,94.99,0.1313984131811536
448,1922,small-group_toronto_beer_tour,walking_&_biking_tours,80.0,0.13079475054824397
758,3456,niagara_falls_small-group_tour_from_toronto,recommended_experiences,254.25,0.13008147943787512
257,1080,niagara_falls_domed_jet-boat_ride,outdoor_activities,79.04,0.12943603319781788
255,1077,4-day_yukon_aurora_viewing_tour,outdoor_activities,702.45,0.1255740905561085
260,1085,top_of_gowlland_tod_hike_in_victoria,outdoor_activities,86.0,0.1250419222903051
126,482,"local_food,_craft_beverage_and_estate_winery_tour_of_cowichan_valley",day_trips_&_excursions,150.0,0.1244385536226083
152,584,small-group_toronto_beer_tour,"food,_wine_&_nightlife",80.0,0.12392282713526037
622,2671,4-day_yukon_aurora_viewing_tour,luxury_&_special_occasions,702.45,0.12227655098629889
814,3596,quebec_city_shore_excursion:_grand_walking_tour_of_quebec_city,recommended_experiences,30.99,0.12224746870369177
516,2151,elaho_whitewater_experience,water_sports,187.95,0.12180624719269872
353,1503,rockies_classic_4-day_summer_tour,tours_&_sightseeing,687.0,0.12139105680813825
713,3369,fine_dining_dinner_tour_in_whistler,recommended_experiences,131.24,0.11951241636353283
86,331,thousand_islands_sunset_dinner_cruise,cultural_&_theme_tours,99.44,0.11911014017487384
146,576,historic_downtown_victoria_food_tour,"food,_wine_&_nightlife",70.0,0.11882630155679044
534,2242,greg_frewin_wild_magic_show,family_friendly,32.77,0.11774250250074814
110,419,luxury_niagara_falls_day_trip_from_toronto_with_cruise_and_lunch,day_trips_&_excursions,169.0,0.11767543788529725
53,168,interactive_pirate_cruise_from_granville_island,"cruises,_sailing_&_water_tours",34.5,0.1169817408034102
336,1357,full-day_niagara_falls_tour_from_toronto,tours_&_sightseeing,113.0,0.11496754184876479
370,1542,pedicab_tour_from_victoria_cruise_ship_terminal,tours_&_sightseeing,90.0,0.11424331293166945
653,3291,greg_frewin_wild_magic_show,recommended_experiences,32.77,0.11347058989118883
734,3403,whistler_wilderness_snowmobile_run,recommended_experiences,208.96,0.11327200118482578
156,590,"show_me_the_city,_toronto_walking_tour","food,_wine_&_nightlife",36.0,0.11308947919785353
251,1012,summer_tour:_banff_and_its_wildlife,outdoor_activities,74.55,0.11245151386562621
662,3301,quebec_city_sightseeing_tour,recommended_experiences,42.0,0.11229754705122427
391,1597,thousand_islands_sunset_dinner_cruise,tours_&_sightseeing,99.44,0.11212719927875575
75,242,talking_trees_-_indigenous_walking_tour,cultural_&_theme_tours,40.0,0.11153715027621952
755,3440,top_of_gowlland_tod_hike_in_victoria,recommended_experiences,86.0,0.11131246962303504
576,2421,interactive_pirate_cruise_from_granville_island,family_friendly,34.5,0.11084881552528372
515,2147,whitewater_rafting_on_jasper's_fraser_river,water_sports,122.09,0.10983194930718307
742,3418,small-group_wine_tour_from_niagara_falls_with_hotel_pickup,recommended_experiences,99.95,0.10823997562874307
252,1014,talking_trees_-_indigenous_walking_tour,outdoor_activities,40.0,0.1077713443958366
63,209,bowen_island_dinner_and_zodiac_tour,"cruises,_sailing_&_water_tours",135.45,0.1070585294383842
404,1666,vancouver_to_victoria_whale_watching_with_return_to_vancouver_by_seaplane,tours_&_sightseeing,569.0,0.10655903185813073
586,2444,quebec_city_shore_excursion:_grand_walking_tour_of_quebec_city,family_friendly,30.99,0.10638820765928278
46,148,whales_&_fly:_whale_watching_from_vancouver_to_victoria_&_return_seaplane_flight,"cruises,_sailing_&_water_tours",447.57,0.10604357906253267
368,1533,quebec_city_dinner_cruise,tours_&_sightseeing,142.56,0.10551651970939363
786,3521,4_hour_montreal_architecture_&_city_bike_tour_with_wine_or_beer,recommended_experiences,86.23,0.10483621324978751
768,3478,1-_or_2-hour_horseback_ride_in_pemberton,recommended_experiences,82.95,0.10466458824915287
594,2466,"whistler_sightseeing_tour_from_vancouver,_includes_cypress_and_shannon_falls",shore_excursions,144.95,0.1044755990274984
170,619,small-group_wine_tour_from_niagara_falls_with_hotel_pickup,"food,_wine_&_nightlife",99.95,0.10379415725396685
424,1748,half-day_niagara_falls_new_york_trip_with_cave_of_the_winds,tours_&_sightseeing,139.0,0.10354642567340402
811,3592,call_of_the_wild_atv_tour,recommended_experiences,156.45,0.10313321195148151
320,1332,winter_tour:_banff_and_its_wildlife,tours_&_sightseeing,70.35,0.10293152140528655
766,3476,blackcomb_glacier_safari_by_jeep_4x4,recommended_experiences,145.95,0.10160862726389966
42,131,quebec_city_dinner_cruise,"cruises,_sailing_&_water_tours",142.56,0.10145255200935052
29,79,victoria_whale_watching_adventure_in_a_zodiac_vessel,"cruises,_sailing_&_water_tours",116.82,0.10130145388995654
415,1697,independent_bike_tour_of_niagara-on-the-lake_wineries_including_wine_tastings,tours_&_sightseeing,64.0,0.10058982493008692
480,2028,old_montreal_ghost_walking_tour,walking_&_biking_tours,25.0,0.10055207574206712
602,2542,rockies_classic_4-day_summer_tour,multi-day_&_extended_tours,687.0,0.10028394905777283
348,1392,summer_tour:_banff_and_its_wildlife,tours_&_sightseeing,74.55,0.10017051903254684
26,76,vancouver_harbor_sunset_dinner_cruise,"cruises,_sailing_&_water_tours",97.69,0.09978117731325234
565,2389,niagara_falls_domed_jet-boat_ride,family_friendly,79.04,0.09958232505187087
381,1577,vancouver_to_victoria_by_seaplane_and_ferry,tours_&_sightseeing,289.0,0.09957862514488183
558,2275,lynn_canyon_park_and_photography_tour,family_friendly,99.0,0.09931003217093962
402,1650,boldt_castle_and_thousand_islands_helicopter_tour,tours_&_sightseeing,172.84,0.09924911041476372
240,986,jasper_to_banff_one-way_tour,outdoor_activities,257.25,0.09806178492014828
169,618,a_wok_around_chinatown:_culinary_and_cultural_walking_tour,"food,_wine_&_nightlife",108.0,0.09799459866391969
210,913,calgary_zoo_admission_ticket,sightseeing_tickets_&_passes,31.45,0.09751469538561097
520,2176,squamish_elaho_white-water_rafting_from_vancouver,water_sports,215.24,0.097411108126649
318,1328,historic_downtown_victoria_food_tour,tours_&_sightseeing,70.0,0.09668429434302706
796,3542,interactive_pirate_cruise_from_granville_island,recommended_experiences,34.5,0.09627683828458342
625,2674,quebec_city_dinner_cruise,luxury_&_special_occasions,142.56,0.09616255677391336
827,3650,bowen_island_dinner_and_zodiac_tour,recommended_experiences,135.45,0.0959164065234609
301,1299,pirate_life_adventure_cruise_in_toronto,"shows,_concerts_&_sports",38.0,0.09589000033796369
278,1145,victoria_classic_adventure_course,outdoor_activities,41.99,0.09439800524207992
177,669,"local_food,_craft_beverage_and_estate_winery_tour_of_cowichan_valley","food,_wine_&_nightlife",150.0,0.09418894529210127
567,2392,quebec_city_dinner_cruise,family_friendly,142.56,0.09370067921032414
704,3354,montreal_craft_brewery_and_beer_tasting_small-group_tour,recommended_experiences,74.73,0.09332969511173422
685,3329,winter_tour:_banff_and_its_wildlife,recommended_experiences,70.35,0.09332605602513404
185,700,beyond_the_bagel:_montreal_jewish_food_walking_tour,"food,_wine_&_nightlife",85.0,0.09302661697730776
464,1990,epic_electric_bike_tour_of_vancouver,walking_&_biking_tours,94.45,0.09278732929406512
819,3621,squamish_via_ferrata_tour,recommended_experiences,114.45,0.09255439734145848
407,1672,canyon_sainte-anne_walking_tour,tours_&_sightseeing,13.5,0.09221658062826084
202,817,full-day_niagara_ice_wine_festival_tour_with_lunch_and_winery_visits,"food,_wine_&_nightlife",395.0,0.09212740780145895
723,3382,beyond_the_market_food_tour_in_montreal,recommended_experiences,104.0,0.09144802378441722
30,80,vancouver_harbor_and_indian_arm_lunch_cruise,"cruises,_sailing_&_water_tours",85.33,0.09123797043475383
752,3430,niagara_falls_domed_jet-boat_ride,recommended_experiences,79.04,0.09068755605229212
386,1586,vancouver_full-day_sightseeing_and_photography_tour,tours_&_sightseeing,249.0,0.09056840891051317
54,169,vancouver_city_and_seals_scenic_boat_tour,"cruises,_sailing_&_water_tours",61.95,0.09001097990986946
436,1895,victoria_and_butchart_gardens_with_victoria_clipper_to_seattle_one-way_from_vancouver,transfers_&_ground_transport,373.0,0.08980665381349051
414,1690,nanaimo_classic_adventure_course,tours_&_sightseeing,41.99,0.08948708321695119
83,321,montreal_mural_tour,cultural_&_theme_tours,45.0,0.08916186646097927
123,458,3_hour_whale_watching_tour,day_trips_&_excursions,129.0,0.08879585949754448
172,621,vancouver_art_deco_&_chocolate_tasting_tour,"food,_wine_&_nightlife",54.6,0.08874700045182606
291,1202,call_of_the_wild_atv_tour,outdoor_activities,156.45,0.08814526379789701
62,202,90-minute_1000_islands_sightseeing_cruise,"cruises,_sailing_&_water_tours",27.5,0.08783564747166797
120,435,columbia_icefield_tour_including_the_glacier_skywalk_from_jasper,day_trips_&_excursions,232.05,0.0871488737773796
203,824,uncork_saint_john_food_and_drink_tour,"food,_wine_&_nightlife",85.1,0.08698373628489017
629,2689,thousand_islands_sunset_dinner_cruise,luxury_&_special_occasions,99.44,0.0867368967366973
47,149,vancouver_to_victoria_by_seaplane_and_ferry,"cruises,_sailing_&_water_tours",289.0,0.08664970057253339
423,1739,full-day_niagara_ice_wine_festival_tour_with_lunch_and_winery_visits,tours_&_sightseeing,395.0,0.08623865611114694
638,2714,private_winery_tour_of_niagara-on-the-lake,private_&_custom_tours,165.0,0.08612265135612582
298,1234,whistler_full-day_fly_fishing,outdoor_activities,271.95,0.08573882401875473
817,3614,whale-watching_cruise_from_victoria_to_vancouver,recommended_experiences,232.32,0.08567932140498559
286,1175,advanced_backcountry_snowmobile_expedition,outdoor_activities,313.95,0.08558829355632343
233,973,lake_louise_winterland_from_banff,outdoor_activities,99.0,0.08556917568075809
133,516,victoria_highlight_city_tour,day_trips_&_excursions,74.95,0.08540706907098022
487,2048,granville_island_night_photography_tour,walking_&_biking_tours,103.95,0.08513453290849352
551,2262,whistler_sightseeing_tours_-_discover_all_of_whistler_this_winter!,family_friendly,83.99,0.08467308861820415
283,1158,2_hour_ziplines_and_tree_course_adventure_from_mont-tremblant,outdoor_activities,42.4,0.08398890992717387
287,1181,5-hour_exotic_car_experience_including_lunch,outdoor_activities,800.0,0.08372998739506057
574,2415,thousand_islands_sunset_dinner_cruise,family_friendly,99.44,0.08371862411907502
198,777,independent_bike_tour_of_niagara-on-the-lake_wineries_including_wine_tastings,"food,_wine_&_nightlife",64.0,0.08371434641839177
807,3580,niagara_beach_horseback_ride,recommended_experiences,73.45,0.08328348464696808
634,2702,lift_your_spirits!_distillery_and_cocktail_experience,luxury_&_special_occasions,105.0,0.0830746578418134
261,1087,whistler_odyssey_tour:_off-road_buggy_adventure,outdoor_activities,229.0,0.08280014501668871
360,1516,"local_food,_craft_beverage_and_estate_winery_tour_of_cowichan_valley",tours_&_sightseeing,150.0,0.08261325409844994
396,1615,old_montreal_ghost_walking_tour,tours_&_sightseeing,25.0,0.08215704036160264
80,309,niagara_falls_canada_underground_railroad_heritage_tour,cultural_&_theme_tours,124.06,0.08175581839301725
792,3533,jewish_neighborhood_food_tour,recommended_experiences,95.44,0.08152195386111474
624,2673,fraser_valley_wine_tour_from_vancouver,luxury_&_special_occasions,187.0,0.08071496866824236
215,951,banff_national_park_tour_with_lake_louise_and_moraine_lake,outdoor_activities,88.2,0.08047548838710168
774,3486,half-day_yukon_snowshoeing_adventure,recommended_experiences,135.45,0.08024392489324442
199,784,"craft_vine,_orchard_&_stills","food,_wine_&_nightlife",140.0,0.08000902641473126
571,2407,montreal_mural_tour,family_friendly,45.0,0.0798158304495139
727,3392,private_winery_tour_of_niagara-on-the-lake,recommended_experiences,165.0,0.07955107929680141
182,694,the_pork_and_bacon_walking_food_tour_of_toronto's_hogtown_history,"food,_wine_&_nightlife",98.0,0.07950695410468267
168,608,niagara-on-the-lake_winery_tasting_afternoon_tour_with_wine_and_cheese,"food,_wine_&_nightlife",95.0,0.07846114751821559
481,2031,victoria_highlight_city_tour,walking_&_biking_tours,74.95,0.07800474118347021
154,586,montreal_craft_brewery_and_beer_tasting_small-group_tour,"food,_wine_&_nightlife",74.73,0.07743178271020397
472,2013,montreal_mural_tour,walking_&_biking_tours,45.0,0.07738103823243084
797,3544,old_montreal_ghost_walking_tour,recommended_experiences,25.0,0.07705969370788308
417,1711,"craft_vine,_orchard_&_stills",tours_&_sightseeing,140.0,0.07676662052742426
38,111,3_hour_whale_watching_tour,"cruises,_sailing_&_water_tours",129.0,0.07651093161265209
730,3398,columbia_icefield_tour_including_the_glacier_skywalk_from_jasper,recommended_experiences,232.05,0.07619071226529825
385,1585,small-group_capilano_suspension_bridge_and_vancouver_city_tour,tours_&_sightseeing,200.0,0.07594602170417847
825,3643,full-day_niagara_ice_wine_festival_tour_with_lunch_and_winery_visits,recommended_experiences,395.0,0.07585835925036663
225,961,jasper_evening_wildlife_tour,outdoor_activities,73.9,0.07564799166202746
726,3391,arctic_day:_yukon_wildlife_and_hot_springs_tour,recommended_experiences,145.95,0.07548693927232321
268,1104,1-_or_2-hour_horseback_ride_in_pemberton,outdoor_activities,82.95,0.07440061617014314
657,3295,niagara_falls_day_trip_from_toronto,recommended_experiences,169.0,0.074395639034988
700,3348,glacier_skywalk_admission,recommended_experiences,36.75,0.07438476232211334
475,2016,downtown_toronto_bike_tour,walking_&_biking_tours,84.75,0.07430484433114982
77,246,3-hour_east_vancouver_art_mural_&_craft_brewery_tour,cultural_&_theme_tours,45.0,0.07401735648973475
744,3420,summer_tour:_banff_and_its_wildlife,recommended_experiences,74.55,0.07391650614827153
828,3652,victoria_and_butchart_gardens_with_victoria_clipper_to_seattle_one-way_from_vancouver,recommended_experiences,373.0,0.07325473977053656
244,996,banff_via_ferrata_climbing_adventure,outdoor_activities,177.45,0.07308817299890889
732,3401,1_hour_banff_horseback_riding_adventures,recommended_experiences,67.2,0.0729601967640136
243,995,columbia_icefield_tour_including_the_glacier_skywalk_from_jasper,outdoor_activities,232.05,0.07281181528865541
527,2207,whale-watching_cruise_from_victoria_to_vancouver,water_sports,232.32,0.07246587905354479
640,2771,historic_tour_around_town,private_&_custom_tours,115.0,0.07229363571229008
366,1530,laurentian_mountains_day_trip_from_montreal,tours_&_sightseeing,100.0,0.07222702724975567
470,2000,the_pork_and_bacon_walking_food_tour_of_toronto's_hogtown_history,walking_&_biking_tours,98.0,0.07180982979236278
3,3,niagara_falls_day_trip_from_toronto,featured_tours_and_tickets,169.0,0.07167471729850777
695,3343,whistler_helicopter_tour,recommended_experiences,187.95,0.07161992826487538
805,3573,advanced_backcountry_snowmobile_expedition,recommended_experiences,313.95,0.0713601238371236
328,1342,seaplane_flight_to_victoria_and_whale-watching_cruise,tours_&_sightseeing,469.0,0.07085356095503076
759,3459,victoria_in_one_day_sightseeing_tour,recommended_experiences,240.45,0.07037933424634907
388,1590,downtown_toronto_bike_tour,tours_&_sightseeing,84.75,0.07032913715207569
561,2341,3_hour_whale_watching_tour,family_friendly,129.0,0.0702111050507592
137,551,toronto_to_niagara_falls_day_trip_by_train,day_trips_&_excursions,489.41,0.07001742252243094
369,1538,niagara_falls_canada_underground_railroad_heritage_tour,tours_&_sightseeing,124.06,0.06989394699631138
618,2616,lynn_canyon_park_and_photography_tour,luxury_&_special_occasions,99.0,0.06984281732274211
201,813,all_star_wineries_of_kelowna_tour,"food,_wine_&_nightlife",166.95,0.06937497675489085
801,3558,ghost_canyon,recommended_experiences,259.0,0.06918756886334677
41,129,victoria_whale_watching_tour_by_zodiac,"cruises,_sailing_&_water_tours",114.45,0.06899642051788772
288,1183,treetop_adventure_course,outdoor_activities,40.95,0.06890005061173728
560,2293,3-hour_east_vancouver_art_mural_&_craft_brewery_tour,family_friendly,45.0,0.06868704747321412
711,3366,vancouver_harbor_and_indian_arm_lunch_cruise,recommended_experiences,85.33,0.06799738481045486
468,1996,quebec_lower_town_historical_bike_tour,walking_&_biking_tours,57.0,0.06776185785459014
648,3283,whistler_exotic_car_driving_experience,recommended_experiences,887.25,0.06765241156483455
800,3554,montreal_afternoon_tea_tour,recommended_experiences,149.5,0.06758110979562636
66,217,4-_to_6-hour_northern_lights_tour_from_yellowknife,cultural_&_theme_tours,85.0,0.067342359359152
462,1948,historical_chinatown_walking_tour,walking_&_biking_tours,15.0,0.06728299865962355
632,2698,ultimate_thousand_islands_helicopter_tour,luxury_&_special_occasions,522.0,0.06717302525983115
281,1148,victoria_highlight_city_tour,outdoor_activities,74.95,0.0671644191748073
621,2646,3_hour_whale_watching_tour,luxury_&_special_occasions,129.0,0.06704470437606565
636,2706,sake_a_to_z_gastronomic_experience_in_distillery_district,luxury_&_special_occasions,90.0,0.06698972274453519
280,1147,nordic_backcountry_skiing_tour_in_jacques-cartier_national_park,outdoor_activities,89.9,0.0663735108380572
748,3424,city_highlights_bus_tour_of_charlottetown,recommended_experiences,27.6,0.06620676160526295
85,329,vancouver_full-day_sightseeing_and_photography_tour,cultural_&_theme_tours,249.0,0.06614828280137297
459,1943,bike_tour_of_downtown_vancouver_and_stanley_park,walking_&_biking_tours,68.25,0.06603058521219522
777,3492,niagara-on-the-lake_wine_tasting_tour_with_cheese_from_niagara_falls,recommended_experiences,100.57,0.06582658349122353
311,1314,quebec_city_sightseeing_tour,tours_&_sightseeing,42.0,0.06560657587124988
397,1617,victoria_highlight_city_tour,tours_&_sightseeing,74.95,0.0652751655723456
616,2611,"whistler_sightseeing_tour_from_vancouver,_includes_cypress_and_shannon_falls",luxury_&_special_occasions,144.95,0.06518457360313695
204,831,vancouver_craft_brewery_tour,"food,_wine_&_nightlife",79.5,0.0651800424841668
490,2061,lift_your_spirits!_distillery_and_cocktail_experience,walking_&_biking_tours,105.0,0.06511823883235242
40,127,niagara_falls_small-group_tour_from_toronto,"cruises,_sailing_&_water_tours",254.25,0.0651171947490103
359,1513,fraser_valley_wine_tour_from_vancouver,tours_&_sightseeing,187.0,0.06501373926755752
502,2089,kicking_horse_river_whitewater_rafting,water_sports,159.6,0.06497860535625874
631,2697,boldt_castle_and_thousand_islands_helicopter_tour,luxury_&_special_occasions,172.84,0.06493757186724043
544,2254,montreal_tower_observatory_admission_plus_optional_ticket_to_botanical_garden,family_friendly,23.75,0.06473139074900121
570,2400,quebec_lower_town_historical_bike_tour,family_friendly,57.0,0.06467454395887902
265,1098,banff_national_park_guided_hike_with_lunch,outdoor_activities,109.2,0.06454173250306927
743,3419,60-minute_the_royal_carriage_tour,recommended_experiences,215.0,0.06444762308803816
332,1349,whistler_sightseeing_tours_-_discover_all_of_whistler_this_winter!,tours_&_sightseeing,83.99,0.06441656414279306
231,970,seaplane_flight_to_victoria_and_whale-watching_cruise,outdoor_activities,469.0,0.06437752758987571
350,1397,historical_chinatown_walking_tour,tours_&_sightseeing,15.0,0.0643317197003318
650,3286,skylon_tower_observation_deck_admission,recommended_experiences,15.0,0.06416591318356489
783,3510,vancouver_to_victoria_by_seaplane_and_ferry,recommended_experiences,289.0,0.06413320195108908
528,2211,whistler_full-day_fly_fishing,water_sports,271.95,0.06410619769843474
58,183,ottawa_river_tours,"cruises,_sailing_&_water_tours",27.0,0.06385333693174461
194,736,montreal_afternoon_tea_tour,"food,_wine_&_nightlife",149.5,0.06374018059826848
230,969,discover_grizzly_bears_from_banff,outdoor_activities,231.0,0.06368277628791505
217,953,capilano_suspension_bridge_and_grouse_mountain_from_vancouver,outdoor_activities,212.0,0.06355402966142752
382,1578,full-day_prince_edward_county_wine_tour_with_lunch,tours_&_sightseeing,425.0,0.0634288714378828
99,405,luxury_niagara_falls_day_trip_from_toronto_with_cruise_and_lunch,day_trips_&_excursions,169.0,0.06331134617314015
497,2084,seaplane_flight_to_victoria_and_whale-watching_cruise,water_sports,469.0,0.06307748164123764
699,3347,grotto_canyon_icewalk,recommended_experiences,79.8,0.06293627697176506
486,2044,whistler_singletrack_mountain_bike_tour,walking_&_biking_tours,139.0,0.0627152658153752
772,3484,the_pork_and_bacon_walking_food_tour_of_toronto's_hogtown_history,recommended_experiences,98.0,0.06269986812026186
21,63,seaplane_flight_to_victoria_with_whale_watching_and_return_by_ferry,"air,_helicopter_&_balloon_tours",389.0,0.062386825578793645
356,1509,vancouver_super_saver:_1-day_city_hop-on_hop-off_tour_and_attractions_combo,tours_&_sightseeing,81.0,0.06226252897742446
139,560,victoria_and_butchart_gardens_with_victoria_clipper_to_seattle_one-way_from_vancouver,day_trips_&_excursions,373.0,0.06221011193895763
247,1001,lynn_canyon_park_and_photography_tour,outdoor_activities,99.0,0.062192909905641414
787,3523,whitewater_rafting_on_jasper's_fraser_river,recommended_experiences,122.09,0.0621001588126282
760,3460,laurentian_mountains_day_trip_from_montreal,recommended_experiences,100.0,0.062072809911103644
815,3603,brentwood_bay_kayak_tour_and_butchart_gardens_visit,recommended_experiences,100.8,0.06164181636217074
522,2182,gulf_islands_kayak_and_seaplane_adventure,water_sports,629.0,0.06159921167977353
11,16,seaplane_flight_to_victoria_and_whale-watching_cruise,"air,_helicopter_&_balloon_tours",469.0,0.061561340850976004
705,3356,7-minute_helicopter_tour_over_toronto,recommended_experiences,123.18,0.06127401519726455
297,1232,squamish_via_ferrata_tour,outdoor_activities,114.45,0.061255860311189514
568,2393,shared_wonder_tour,family_friendly,297.73,0.061194431718439773
582,2438,vancouver_to_victoria_whale_watching_with_return_to_vancouver_by_seaplane,family_friendly,569.0,0.06112427539988846
555,2271,arctic_day:_yukon_wildlife_and_hot_springs_tour,family_friendly,145.95,0.060859078230991
119,432,jasper_to_banff_one-way_tour,day_trips_&_excursions,257.25,0.06061810785032322
352,1450,3_hour_whale_watching_tour,tours_&_sightseeing,129.0,0.060387101876697186
419,1719,seaplane_flight_to_victoria_with_whale_watching_and_return_by_ferry,tours_&_sightseeing,389.0,0.06031581024422046
285,1174,whistler_exotic_car_driving_experience,outdoor_activities,887.25,0.06019296319545246
134,534,vancouver_to_victoria_whale_watching_with_return_to_vancouver_by_seaplane,day_trips_&_excursions,569.0,0.06010406406040045
426,1756,city_beers:_bus_tour_of_ottawa_breweries,tours_&_sightseeing,84.75,0.059918399686670384
81,318,beyond_the_bagel:_montreal_jewish_food_walking_tour,cultural_&_theme_tours,85.0,0.05981882657337324
413,1683,epic_toronto_night_tour,tours_&_sightseeing,89.0,0.05920394257871872
165,605,private_winery_tour_of_niagara-on-the-lake,"food,_wine_&_nightlife",165.0,0.058991405729843516
477,2022,jewish_neighborhood_food_tour,walking_&_biking_tours,95.44,0.05891498491123952
277,1144,mountain_explorer_atv_tour,outdoor_activities,103.95,0.05874257938228117
474,2015,vancouver_full-day_sightseeing_and_photography_tour,walking_&_biking_tours,249.0,0.05839076384291399
57,182,vancouver_to_victoria_whale_watching_with_return_to_vancouver_by_seaplane,"cruises,_sailing_&_water_tours",569.0,0.05828755164301666
14,36,vancouver_to_victoria_by_seaplane_and_ferry,"air,_helicopter_&_balloon_tours",289.0,0.05813107091920845
492,2064,beyond_the_bike_lanes_bike_tour,walking_&_biking_tours,85.0,0.05807987028851885
20,52,gulf_islands_kayak_and_seaplane_adventure,"air,_helicopter_&_balloon_tours",629.0,0.058043742977535354
577,2422,victoria_highlight_city_tour,family_friendly,74.95,0.058021949004860116
564,2388,vancouver_super_saver:_1-day_city_hop-on_hop-off_tour_and_attractions_combo,family_friendly,81.0,0.05794841715472701
491,2063,vancouver_secrets_of_stanley_park_walking_tour,walking_&_biking_tours,38.85,0.057916689185204456
22,66,victoria_panorama_seaplane_tour,"air,_helicopter_&_balloon_tours",125.0,0.05782033955251696
810,3589,english_bay_jet_ski_tour_from_vancouver,recommended_experiences,155.68,0.05772930156712333
89,338,lunenburg_and_mahone_bay-_bus_tour,cultural_&_theme_tours,114.94,0.05755914639255284
729,3394,niagara-on-the-lake_winery_tasting_afternoon_tour_with_wine_and_cheese,recommended_experiences,95.0,0.05747333896060128
409,1674,gulf_islands_kayak_and_seaplane_adventure,tours_&_sightseeing,629.0,0.05739106924793512
316,1326,capilano_suspension_bridge_and_grouse_mountain_from_vancouver,tours_&_sightseeing,212.0,0.05733127266895316
826,3647,victoria_panorama_seaplane_tour,recommended_experiences,125.0,0.05708408847189006
496,2077,beyond_city_sights_e-bike_adventure_tour,walking_&_biking_tours,89.0,0.05693210845685759
466,1994,ottawa_spring_tulip_festival_bike_tour,walking_&_biking_tours,68.0,0.056931692850867036
762,3463,quebec_city_dinner_cruise,recommended_experiences,142.56,0.05677703673872467
367,1531,gems_of_montreal_small_group_city_tour,tours_&_sightseeing,171.32,0.05669728093546478
531,2224,ready-set-go_rafting_trip_on_the_clearwater_river,water_sports,120.75,0.056600688021221826
294,1220,whistler_sky_walk,outdoor_activities,124.95,0.056313899614278656
263,1095,4-day_erling_strom_trail_backcountry_lodge_trip_by_horseback,outdoor_activities,132.3399963379,0.056155421954369525
588,2451,lift_your_spirits!_distillery_and_cocktail_experience,family_friendly,105.0,0.05590309843444766
253,1042,3_hour_whale_watching_tour,outdoor_activities,129.0,0.055888420447269174
372,1545,45-minute_beacon_hill_park_carriage_tour,tours_&_sightseeing,165.0,0.055829455080268306
644,2936,ultimate_thousand_islands_helicopter_tour,private_&_custom_tours,522.0,0.055586832412369794
714,3370,small-group_walking_tour_of_toronto's_kensington_market_and_chinatown,recommended_experiences,53.0,0.05550991489392343
583,2439,canyon_sainte-anne_walking_tour,family_friendly,13.5,0.05546979371073804
526,2202,brentwood_bay_kayak_tour_and_butchart_gardens_visit,water_sports,100.8,0.05539891768425187
98,386,fly_and_dine_to_bowen_island_from_vancouver,cultural_&_theme_tours,275.0,0.0549297694780401
601,2514,"craft_vine,_orchard_&_stills",shore_excursions,140.0,0.054917884160383484
469,1998,3_hour_montreal_city_bike_tour_with_wine_or_beer,walking_&_biking_tours,74.73,0.054732554298792147
17,48,boldt_castle_and_thousand_islands_helicopter_tour,"air,_helicopter_&_balloon_tours",172.84,0.05468667545212791
769,3479,45-minute_beacon_hill_park_carriage_tour,recommended_experiences,165.0,0.0544898606737733
129,502,full-day_cheakamus_rafting_and_sea_to_sky_gondola_combo_from_vancouver,day_trips_&_excursions,205.79,0.054239153962522005
495,2076,toronto_islands_morning_bike_tour,walking_&_biking_tours,96.05,0.05420876910992013
191,722,jewish_neighborhood_food_tour,"food,_wine_&_nightlife",95.44,0.05417614403966187
60,196,seaplane_flight_to_victoria_with_whale_watching_and_return_by_ferry,"cruises,_sailing_&_water_tours",389.0,0.05410113729509888
549,2259,seaplane_flight_to_victoria_and_whale-watching_cruise,family_friendly,469.0,0.054045476502559475
521,2178,vancouver_to_victoria_whale_watching_with_return_to_vancouver_by_seaplane,water_sports,569.0,0.05401754980734075
373,1550,ottawa_spring_tulip_festival_bike_tour,tours_&_sightseeing,68.0,0.05386826616288111
403,1660,treetop_adventure_course,tours_&_sightseeing,40.95,0.0538497869013988
569,2395,niagara_falls_canada_underground_railroad_heritage_tour,family_friendly,124.05,0.05378630055215927
421,1735,beyond_city_sights_e-bike_adventure_tour,tours_&_sightseeing,89.0,0.053667655178588416
130,507,vancouver_full-day_sightseeing_and_photography_tour,day_trips_&_excursions,249.0,0.05361720466602812
780,3505,full-day_cheakamus_rafting_and_sea_to_sky_gondola_combo_from_vancouver,recommended_experiences,205.79,0.053052097091290704
523,2188,english_bay_jet_ski_tour_from_vancouver,water_sports,155.68,0.0530172774186677
338,1360,"whistler_sightseeing_tour_from_vancouver,_includes_cypress_and_shannon_falls",tours_&_sightseeing,144.95,0.052993177339581476
189,716,pub_crawl_montreal,"food,_wine_&_nightlife",29.0,0.052740164521919194
765,3474,60-minute_deluxe_horse-drawn_carriage_tour,recommended_experiences,215.0,0.05253481968402682
234,975,whistler_sightseeing_tours_-_discover_all_of_whistler_this_winter!,outdoor_activities,83.99,0.052308157299838606
823,3639,half-day_canadian_side_sightseeing_tour_of_niagara_falls_with_cruise_&_lunch,recommended_experiences,199.0,0.05229100088181403
581,2432,boldt_castle_and_thousand_islands_helicopter_tour,family_friendly,172.84,0.052195994366047216
677,3320,capilano_suspension_bridge_and_grouse_mountain_from_vancouver,recommended_experiences,212.0,0.05210541760193578
542,2251,whale-watching_cruise_with_expert_naturalists,family_friendly,94.5,0.051482084641595316
731,3399,banff_via_ferrata_climbing_adventure,recommended_experiences,177.45,0.051401918300710614
179,681,food_walking_tour_of_granville_island_public_market,"food,_wine_&_nightlife",60.0,0.05125490528410179
79,308,shared_wonder_tour,cultural_&_theme_tours,297.74,0.05086944086459719
494,2066,sake_a_to_z_gastronomic_experience_in_distillery_district,walking_&_biking_tours,90.0,0.05082499129707117
488,2049,stanley_park_photography_tour_in_vancouver,walking_&_biking_tours,104.0,0.050800060006003844
90,340,victoria_highlight_city_tour,cultural_&_theme_tours,74.95,0.05059522707305106
633,2701,"craft_vine,_orchard_&_stills",luxury_&_special_occasions,140.0,0.0505892058545538
329,1343,5.5-hour_jasper_wildlife_and_waterfalls_tour_with_maligne_lake_cruise_from_jasper,tours_&_sightseeing,144.59,0.05018359974960468
211,937,brentwood_bay_kayak_tour_and_butchart_gardens_visit,sightseeing_tickets_&_passes,100.8,0.050025426191639855
216,952,arctic_day:_evening_aurora_viewing,outdoor_activities,135.45,0.049959806060424425
223,959,dogsled_adventure_in_mont-tremblant,outdoor_activities,169.34,0.049902928860107804
238,984,"whistler_sightseeing_tour_from_vancouver,_includes_cypress_and_shannon_falls",outdoor_activities,144.95,0.04985695371449453
299,1253,beyond_city_sights_e-bike_adventure_tour,outdoor_activities,89.0,0.049713686220166406
181,690,tour_and_taste_okanagan's_wine_country,"food,_wine_&_nightlife",135.45,0.049357679142333535
434,1832,private_arrival_transfer:_calgary_international_airport_to_banff,transfers_&_ground_transport,528.26,0.04913544144143499
452,1929,whistler_sightseeing_tours_-_discover_all_of_whistler_this_winter!,walking_&_biking_tours,83.99,0.04867827485182885
410,1679,call_of_the_wild_atv_tour,tours_&_sightseeing,156.45,0.048616344490871
125,481,fraser_valley_wine_tour_from_vancouver,day_trips_&_excursions,187.0,0.0484592302213455
50,153,maligne_lake_cruise,"cruises,_sailing_&_water_tours",82.95,0.048398972421081335
184,698,niagara-on-the-lake_wine_tasting_tour_with_cheese_from_niagara_falls,"food,_wine_&_nightlife",100.57,0.04837784240431783
485,2043,canyon_sainte-anne_walking_tour,walking_&_biking_tours,13.5,0.048325699057600896
764,3471,banff_national_park_guided_hike_with_lunch,recommended_experiences,109.2,0.04827321613037948
72,231,small-group_toronto_ghosts_and_spirits_of_the_distillery_tour,cultural_&_theme_tours,24.5,0.04796108589474418
121,444,private_niagara_falls_full-day_tour_from_toronto,day_trips_&_excursions,700.0,0.04792979887304087
345,1389,victoria_city_sightseeing_tour_with_craigdarroch_castle,tours_&_sightseeing,47.25,0.04791043264755433
347,1391,60-minute_the_royal_carriage_tour,tours_&_sightseeing,215.0,0.047621059374084576
145,575,half-day_beer_cider_and_wine_tour,"food,_wine_&_nightlife",35.0,0.04745369686903597
8,13,whistler_helicopter_tour,"air,_helicopter_&_balloon_tours",187.95,0.04736826956451477
620,2624,3-hour_east_vancouver_art_mural_&_craft_brewery_tour,luxury_&_special_occasions,45.0,0.04729919787623149
242,989,arctic_day:_yukon_wildlife_and_hot_springs_tour,outdoor_activities,145.95,0.0468507944909871
590,2461,"craft_vine,_orchard_&_stills",shore_excursions,140.0,0.04677779481925652
364,1527,peggy's_cove_and_halifax_tour_with_lobster_roll_lunch,tours_&_sightseeing,140.0,0.04671904232361668
720,3379,kicking_horse_river_whitewater_rafting,recommended_experiences,159.6,0.045896892580454915
399,1621,montreal_afternoon_tea_tour,tours_&_sightseeing,149.5,0.04586661923189929
757,3454,banff_day_trip_from_calgary,recommended_experiences,238.35,0.04561844670351721
105,412,vancouver_north_shore_day_trip_with_capilano_suspension_bridge_and_grouse_mountain,day_trips_&_excursions,170.0,0.045556430180341806
813,3595,quebec_shore_excursion:_small-group_food_walking_tour,recommended_experiences,53.0,0.04554549771544403
779,3494,beyond_the_bagel:_montreal_jewish_food_walking_tour,recommended_experiences,85.0,0.04550058692663582
289,1185,niagara_beach_horseback_ride,outdoor_activities,73.45,0.04524873476472763
524,2190,half-day_whitewater_rafting_in_revelstoke,water_sports,130.2,0.04520873015395423
794,3537,mountain_explorer_atv_tour,recommended_experiences,103.95,0.04508765703319467
642,2824,shore_excursion:_charlottetown_south_shore_and_confederation_bridge,private_&_custom_tours,410.0,0.04481611933875844
554,2268,"whistler_sightseeing_tour_from_vancouver,_includes_cypress_and_shannon_falls",family_friendly,144.95,0.044612325420782015
374,1556,3_hour_montreal_city_bike_tour_with_wine_or_beer,tours_&_sightseeing,74.73,0.04447029460769407
802,3566,ile_d'orleans_food_tour,recommended_experiences,51.75,0.04441312344216461
672,3315,niagara_falls_platinum_tour_from_toronto_with_cruise_and_lunch,recommended_experiences,149.0,0.04409866682665538
707,3359,seaplane_flight_to_victoria_and_whale-watching_cruise,recommended_experiences,469.0,0.04406082133968653
112,421,discover_grizzly_bears_from_banff,day_trips_&_excursions,231.0,0.04398959559596442
737,3410,victoria_day_trip_from_seattle_with_butchart_gardens,recommended_experiences,271.28,0.04375070831361513
809,3586,canyon_sainte-anne_walking_tour,recommended_experiences,13.5,0.04327807307177531
136,546,small-group_niagara_falls_tour,day_trips_&_excursions,250.0,0.04325849397492777
821,3631,seaplane_flight_to_victoria_with_whale_watching_and_return_by_ferry,recommended_experiences,389.0,0.04316444538028551
273,1129,vancouver_full-day_sightseeing_and_photography_tour,outdoor_activities,249.0,0.043016535262941
457,1937,lynn_canyon_park_and_photography_tour,walking_&_biking_tours,99.0,0.042846496660782496
187,706,full-day_prince_edward_county_wine_tour_with_lunch,"food,_wine_&_nightlife",425.0,0.04250370281242971
138,553,half-day_canadian_side_sightseeing_tour_of_niagara_falls_with_cruise_&_lunch,day_trips_&_excursions,199.0,0.042416070768812306
431,1779,victoria_day_trip_from_seattle_with_butchart_gardens,transfers_&_ground_transport,271.29,0.04235640596733954
614,2608,whistler_sightseeing_tours_-_discover_all_of_whistler_this_winter!,luxury_&_special_occasions,83.99,0.04234614252671923
351,1403,3-hour_east_vancouver_art_mural_&_craft_brewery_tour,tours_&_sightseeing,45.0,0.04220964636901764
617,2614,arctic_day:_yukon_wildlife_and_hot_springs_tour,luxury_&_special_occasions,145.95,0.04192450011257372
687,3331,montreal_tower_observatory_admission_plus_optional_ticket_to_botanical_garden,recommended_experiences,23.75,0.04189532153101759
676,3319,arctic_day:_evening_aurora_viewing,recommended_experiences,135.45,0.04182038574357495
453,1930,small-group_walking_tour_of_toronto's_kensington_market_and_chinatown,walking_&_biking_tours,53.0,0.041811333642366125
463,1950,3-hour_east_vancouver_art_mural_&_craft_brewery_tour,walking_&_biking_tours,45.0,0.041770857673579034
680,3324,half-day_beer_cider_and_wine_tour,recommended_experiences,35.0,0.0414594876928045
395,1613,victoria_classic_adventure_course,tours_&_sightseeing,41.99,0.041417242864374704
174,627,3-hour_east_vancouver_art_mural_&_craft_brewery_tour,"food,_wine_&_nightlife",45.0,0.04140360896053834
195,750,ile_d'orleans_food_tour,"food,_wine_&_nightlife",51.75,0.04136129317498821
18,50,ultimate_thousand_islands_helicopter_tour,"air,_helicopter_&_balloon_tours",522.0,0.041359493905151076
76,244,historical_chinatown_walking_tour,cultural_&_theme_tours,15.0,0.04135483100867171
200,791,sake_a_to_z_gastronomic_experience_in_distillery_district,"food,_wine_&_nightlife",90.0,0.04122780255816952
806,3577,treetop_adventure_course,recommended_experiences,40.95,0.041045873569988664
411,1680,granville_island_night_photography_tour,tours_&_sightseeing,103.95,0.040953340416702205
761,3461,victoria_whale_watching_tour_by_zodiac,recommended_experiences,114.45,0.04091774528412123
776,3488,squamish_elaho_white-water_rafting,recommended_experiences,173.24,0.040916356551908895
365,1529,victoria_in_one_day_sightseeing_tour,tours_&_sightseeing,240.45,0.040882900269669536
19,51,vancouver_to_victoria_whale_watching_with_return_to_vancouver_by_seaplane,"air,_helicopter_&_balloon_tours",569.0,0.040598838643493645
175,665,full-day_niagara_winery_tour_from_toronto,"food,_wine_&_nightlife",99.0,0.040154342968233586
545,2255,medieval_times_dinner_and_tournament_toronto,family_friendly,68.99,0.04014747026429227
519,2175,squamish_cheakamus_white-water_rafting_from_whistler,water_sports,120.74,0.039866748691138
102,408,niagara_falls_day_trip_from_toronto,day_trips_&_excursions,169.0,0.039751727199070136
343,1370,lynn_canyon_park_and_photography_tour,tours_&_sightseeing,99.0,0.039747277173951795
628,2686,vancouver_full-day_sightseeing_and_photography_tour,luxury_&_special_occasions,249.0,0.03942877093421755
789,3527,6-hour_eagle_viewing_river_float_trip_from_vancouver_with_lunch,recommended_experiences,157.49,0.03913024419222419
197,773,mornings_just_got_better-_niagara_on_the_lake,"food,_wine_&_nightlife",65.54,0.03902958644865903
573,2412,vancouver_full-day_sightseeing_and_photography_tour,family_friendly,249.0,0.039026717753651075
272,1126,small-group_capilano_suspension_bridge_and_vancouver_city_tour,outdoor_activities,200.0,0.03866518615716333
176,667,fraser_valley_wine_tour_from_vancouver,"food,_wine_&_nightlife",187.0,0.03860121831317863
741,3416,bike_tour_of_downtown_vancouver_and_stanley_park,recommended_experiences,68.25,0.03849533001617142
647,3157,60_minute_private_vacation_photography_session_with_local_photographer_in_prague,private_&_custom_tours,477.13,0.03847534038169906
383,1579,dune_buggy_4x4_tours,tours_&_sightseeing,197.77,0.03831812981322452
270,1109,half-day_yukon_snowshoeing_adventure,outdoor_activities,135.45,0.03785089238089613
227,964,grotto_canyon_icewalk,outdoor_activities,79.8,0.03753369884788814
333,1352,small-group_walking_tour_of_toronto's_kensington_market_and_chinatown,tours_&_sightseeing,53.0,0.03744820565461235
530,2220,seaplane_flight_to_victoria_with_whale_watching_and_return_by_ferry,water_sports,389.0,0.037275496023709706
412,1681,stanley_park_photography_tour_in_vancouver,tours_&_sightseeing,104.0,0.03721196405917852
376,1561,montreal's_underground_city_indoor_tour,tours_&_sightseeing,65.0,0.03717845202491604
645,3016,whistler_singletrack_mountain_bike_tour,private_&_custom_tours,139.0,0.03656768861160686
416,1703,small-group_niagara_falls_tour,tours_&_sightseeing,250.0,0.03634997189294699
733,3402,quebec_city_shore_excursion:_half-day_tour_to_montmorency_falls_and_ste-anne-de-beaupré,recommended_experiences,57.5,0.03626976500513637
739,3414,green_gables_shore_tour_from_charlottetown,recommended_experiences,73.6,0.03604047213912992
167,607,kelowna_or_west_kelowna_afternoon_sightseeing_wine_tour,"food,_wine_&_nightlife",98.95,0.03594958113634271
691,3338,jasper_evening_wildlife_tour,recommended_experiences,73.9,0.035783678320626774
49,152,vancouver_full-day_sightseeing_and_photography_tour,"cruises,_sailing_&_water_tours",249.0,0.03528696834152943
127,486,niagara_falls_small-group_tour_from_toronto,day_trips_&_excursions,254.25,0.03527422647006302
784,3511,full-day_prince_edward_county_wine_tour_with_lunch,recommended_experiences,425.0,0.03519025378650875
218,954,whale-watching_cruise_with_expert_naturalists,outdoor_activities,94.5,0.0344763643355198
220,956,winter_tour:_banff_and_its_wildlife,outdoor_activities,70.35,0.03444118480892938
510,2130,squamish_cheakamus_white-water_rafting,water_sports,120.74,0.03443057165107312
623,2672,full-day_niagara_winery_tour_from_toronto,luxury_&_special_occasions,99.0,0.03426204849027041
482,2036,"rabbis,_writers_and_radicals:_montreal_jewish_history_walking_tour",walking_&_biking_tours,24.0,0.03424463865395891
362,1521,whistler_odyssey_tour:_off-road_buggy_adventure,tours_&_sightseeing,229.0,0.03415117292137658
37,95,vancouver_harbor_sightseeing_cruise,"cruises,_sailing_&_water_tours",40.9,0.03404704841564633
785,3517,maligne_lake_cruise,recommended_experiences,82.95,0.033765997398719064
532,2227,vancouver_whale_watching_safari,water_sports,259.0,0.03374480149320096
192,727,niagara_falls_walking_food_tour,"food,_wine_&_nightlife",88.14,0.033628882900397394
10,15,7-minute_helicopter_tour_over_toronto,"air,_helicopter_&_balloon_tours",123.18,0.033183160680628626
585,2441,gulf_islands_kayak_and_seaplane_adventure,family_friendly,629.0,0.03313316632098477
118,431,"whistler_sightseeing_tour_from_vancouver,_includes_cypress_and_shannon_falls",day_trips_&_excursions,144.95,0.03313223881005464
245,997,1_hour_banff_horseback_riding_adventures,outdoor_activities,67.2,0.03312703359844128
512,2134,squamish_elaho_white-water_rafting,water_sports,173.24,0.03260903648324254
282,1155,ghost_canyon,outdoor_activities,259.0,0.03245655470000196
683,3327,whale-watching_cruise_with_expert_naturalists,recommended_experiences,94.5,0.032007745845498495
393,1605,jewish_neighborhood_food_tour,tours_&_sightseeing,95.44,0.03194921128958539
788,3526,shore_excursion:_charlottetown_south_shore_and_confederation_bridge,recommended_experiences,410.0,0.030608420748776118
293,1210,nanaimo_classic_adventure_course,outdoor_activities,41.99,0.030526891017507777
595,2468,quebec_city_shore_excursion:_half-day_tour_to_montmorency_falls_and_ste-anne-de-beaupré,shore_excursions,57.5,0.030131041516605134
599,2503,quebec_shore_excursion:_small-group_food_walking_tour,shore_excursions,53.0,0.02988564138428196
750,3427,luxury_coach_tour_of_niagara_falls_with_lunch_and_hornblower_cruise_from_toronto,recommended_experiences,215.0,0.029062685770967798
793,3535,rzr_off-roading_tours_from_whistler,recommended_experiences,198.45,0.028970537813477453
635,2704,gourmet_bike_tour_in_niagara-on-the-lake_with_wine_and_beer,luxury_&_special_occasions,134.47,0.028546300396073875
643,2922,120_minute_private_vacation_photography_session_with_local_photographer_in_santorini,private_&_custom_tours,886.09,0.02835917126464541
59,194,whale-watching_cruise_from_victoria_to_vancouver,"cruises,_sailing_&_water_tours",232.32,0.028117800483084283
798,3545,nordic_backcountry_skiing_tour_in_jacques-cartier_national_park,recommended_experiences,89.9,0.028008420082083287
435,1860,whale-watching_cruise_from_victoria_to_vancouver,transfers_&_ground_transport,232.32,0.02773369438559758
709,3361,5.5-hour_jasper_wildlife_and_waterfalls_tour_with_maligne_lake_cruise_from_jasper,recommended_experiences,144.59,0.02744169063030957
484,2041,ebike_tour,walking_&_biking_tours,79.0,0.026754040108748458
804,3572,whistler_exotic_car_driving_experience,recommended_experiences,887.25,0.02660725010023213
442,1914,niagara_falls_platinum_tour_from_toronto_with_cruise_and_lunch,walking_&_biking_tours,149.0,0.025974484911252444
808,3584,2-day_whistler_sea_to_sky_tour_from_vancouver,recommended_experiences,166.95,0.025795302977301825
284,1160,full-day_mont-tremblant_rouge_river_rafting_tour_with_lunch,outdoor_activities,98.29,0.025791425677511925
775,3487,4-hour_eagle_viewing_river_float_trip_from_squamish_with_lunch,recommended_experiences,125.99,0.025692987878140196
34,89,1-hour_toronto_harbour_tour_with_live_narration,"cruises,_sailing_&_water_tours",21.24,0.025538422996581118
377,1564,southeast_edmonton_roots_and_resources_bus_tour,tours_&_sightseeing,26.25,0.025467430397682966
128,494,bc_winter_super_saver_2_day_city_hop_on_hop_off_tour_plus_whistler_day_trip,day_trips_&_excursions,231.0,0.025356863999099175
418,1716,gourmet_bike_tour_in_niagara-on-the-lake_with_wine_and_beer,tours_&_sightseeing,134.47,0.024345385453778474
132,512,seaplane_flight_to_vancouver_with_bus_tour_from_victoria,day_trips_&_excursions,439.0,0.024220531332178056
271,1125,dune_buggy_4x4_tours,outdoor_activities,197.77,0.024189649779733816
441,1913,niagara_falls_tour_day_trip_from_toronto,walking_&_biking_tours,89.0,0.0241106947782606
818,3616,half_day_guided_horseback_ride_at_birkenhead_lake,recommended_experiences,303.46,0.02380880264141692
186,705,calgary_food_walking_tour_-_calgary_farmers_market,"food,_wine_&_nightlife",69.29,0.023757049558861838
751,3429,full-day_niagara_winery_tour_from_toronto,recommended_experiences,99.0,0.023427519623646514
507,2126,river_of_golden_dreams_canoe_tour_in_whistler,water_sports,114.45,0.023149899890324167
692,3340,horse-drawn_sleigh_ride_in_banff,recommended_experiences,39.9,0.022705389009966884
771,3482,north_van_shipyards_district_food_tour,recommended_experiences,73.0,0.022666986002766818
589,2453,gourmet_bike_tour_in_niagara-on-the-lake_with_wine_and_beer,family_friendly,134.47,0.02252614118726166
641,2800,best_of_toronto_private_food_tour_with_sightseeing_and_black_car,private_&_custom_tours,225.0,0.022518285220367102
94,355,"rabbis,_writers_and_radicals:_montreal_jewish_history_walking_tour",cultural_&_theme_tours,24.0,0.022425564537548317
237,982,winter_wildlife_discovery_tour,outdoor_activities,72.45,0.022398626173648576
390,1596,seaplane_flight_to_vancouver_with_bus_tour_from_victoria,tours_&_sightseeing,439.0,0.021626952284875812
44,141,4-hour_eagle_viewing_river_float_trip_from_squamish_with_lunch,"cruises,_sailing_&_water_tours",125.99,0.021621392287660756
180,684,montreal_food_truck_tour_by_bike,"food,_wine_&_nightlife",159.83,0.021437664029642773
756,3449,victoria_craft_brewery_tour_and_tastings,recommended_experiences,79.0,0.021392859676515077
276,1143,rzr_off-roading_tours_from_whistler,outdoor_activities,198.45,0.02131623612328153
538,2246,niagara_falls_tour_day_trip_from_toronto,family_friendly,89.0,0.021285511690175184
433,1814,private_transport_from_vancouver_international_airport_(yvr)_to_north_or_west_vancouver,transfers_&_ground_transport,177.81,0.02115364295039279
717,3376,quebec_pub_crawl,recommended_experiences,28.0,0.020704423558264507
483,2037,quebec_city_bike_tour_along_saint_lawrence_river,walking_&_biking_tours,60.0,0.020558074497567417
161,598,quebec_pub_crawl,"food,_wine_&_nightlife",28.0,0.020170025211536217
375,1559,4-hour_eagle_viewing_river_float_trip_from_squamish_with_lunch,tours_&_sightseeing,125.99,0.02006766449708294
52,165,victoria_marine_wildlife_tour,"cruises,_sailing_&_water_tours",112.35,0.020055039198028517
493,2065,gourmet_bike_tour_in_niagara-on-the-lake_with_wine_and_beer,walking_&_biking_tours,134.47,0.019793323996393348
420,1722,30-minute_victoria_carriage_tour_including_james_bay,tours_&_sightseeing,115.0,0.019755194680943163
517,2154,victoria_marine_wildlife_tour,water_sports,112.35,0.019607041282043196
159,596,the_fraser_valley_winery_tour,"food,_wine_&_nightlife",149.96,0.018767304309769094
35,92,full-day_whale_watching_cruise_from_quebec,"cruises,_sailing_&_water_tours",159.8,0.0186351061262137
400,1636,full-day_mont-tremblant_rouge_river_rafting_tour_with_lunch,tours_&_sightseeing,98.29,0.018405250671610283
778,3493,montreal's_underground_city_indoor_tour,recommended_experiences,65.0,0.018361373829412723
715,3373,northern_lights_and_arctic_circle_day_trip_from_fairbanks,recommended_experiences,299.91,0.018089050538287025
135,537,2-day_whistler_sea_to_sky_tour_from_vancouver,day_trips_&_excursions,166.95,0.017921546118997742
467,1995,north_van_shipyards_district_food_tour,walking_&_biking_tours,73.0,0.017706439608693152
25,75,whale-watching_cruise_with_expert_naturalists,"cruises,_sailing_&_water_tours",94.5,0.017547368949992617
15,40,seaplane_flight_to_vancouver_with_bus_tour_from_victoria,"air,_helicopter_&_balloon_tours",439.0,0.01740923571015752
619,2618,best_of_vancouver_-_4_hours,luxury_&_special_occasions,186.65,0.017214281022028915
117,430,winter_wildlife_discovery_tour,day_trips_&_excursions,72.45,0.017129274391864017
295,1224,half_day_guided_horseback_ride_at_birkenhead_lake,outdoor_activities,303.46,0.016965449606100833
422,1737,historical_tasting_old_quebec_walking_tour,tours_&_sightseeing,52.0,0.016833139918499187
162,599,niagara-on-the-lake_wine_tour_with_lunch,"food,_wine_&_nightlife",114.99,0.015920443821420428
639,2719,best_of_vancouver_-_4_hours,private_&_custom_tours,186.65,0.01557706711100772
124,479,full-day_niagara_winery_tour_from_toronto,day_trips_&_excursions,99.0,0.015399324592926821
149,581,toronto_distillery_district_walking_tour,"food,_wine_&_nightlife",23.73,0.015317500896445648
357,1510,full-day_niagara_winery_tour_from_toronto,tours_&_sightseeing,99.0,0.0147156831486648
559,2281,best_of_vancouver_-_4_hours,family_friendly,186.65,0.014696874443409499
241,988,3_hour_banff_horseback_riding_adventures,outdoor_activities,170.1,0.014467221723435623
770,3481,squamish_cheakamus_white-water_rafting,recommended_experiences,120.74,0.014289925221539702
258,1081,2_hour_banff_horseback_riding_adventure,outdoor_activities,124.95,0.014269712578974848
667,3309,niagara_falls_tour_day_trip_from_toronto,recommended_experiences,89.0,0.014266271158638457
719,3378,niagara-on-the-lake_wine_tour_with_lunch,recommended_experiences,114.99,0.013964019167827354
355,1508,luxury_coach_tour_of_niagara_falls_with_lunch_and_hornblower_cruise_from_toronto,tours_&_sightseeing,215.0,0.013918495106764798
344,1375,best_of_vancouver_-_4_hours,tours_&_sightseeing,186.65,0.013700317166822722
178,678,victoria_craft_brewery_tour_and_tastings,"food,_wine_&_nightlife",79.0,0.013310833533287544
605,2598,5-night_churchill_tour_and_polar_bear_adventure_from_winnipeg,multi-day_&_extended_tours,591.0,0.013304700810744047
824,3640,vancouver_whale_watching_safari,recommended_experiences,259.0,0.012918121350776985
290,1186,2-day_whistler_sea_to_sky_tour_from_vancouver,outdoor_activities,166.95,0.012369784998268022
822,3633,30-minute_victoria_carriage_tour_including_james_bay,recommended_experiences,115.0,0.012368837213874936
430,1775,private_transport_from_vancouver_international_airport_(yvr)_to_downtown_vancouver,transfers_&_ground_transport,122.66,0.011893515738193753
432,1780,shared_transfer:_jasper_to_edmonton_airport_or_edmonton_mall,transfers_&_ground_transport,93.45,0.011822563686221508
446,1920,toronto_distillery_district_walking_tour,walking_&_biking_tours,23.73,0.011201192183421808
604,2577,2-day_whistler_sea_to_sky_tour_from_vancouver,multi-day_&_extended_tours,166.95,0.010933922052937323
87,333,6-hour_eagle_viewing_river_float_trip_from_vancouver_with_lunch,cultural_&_theme_tours,157.49,0.01070561244988413
226,962,horse-drawn_sleigh_ride_in_banff,outdoor_activities,39.9,0.01064500239820115
627,2682,best_of_toronto_private_food_tour_with_sightseeing_and_black_car,luxury_&_special_occasions,225.0,0.010486509533194795
371,1544,montreal_food_truck_tour_by_bike,tours_&_sightseeing,159.83,0.010324293953553557
248,1002,best_of_vancouver_-_4_hours,outdoor_activities,186.65,0.010210088468369582
12,26,helicopter_tour_over_montreal,"air,_helicopter_&_balloon_tours",179.0,0.01019158133087571
205,835,horse-drawn_sleigh_ride_in_banff,holiday_&_seasonal_tours,39.9,0.010040465472201634
465,1993,montreal_food_truck_tour_by_bike,walking_&_biking_tours,159.83,0.009675274515650738
724,3384,winter_wildlife_discovery_tour,recommended_experiences,72.45,0.009665011075030424
384,1580,best_of_toronto_private_food_tour_with_sightseeing_and_black_car,tours_&_sightseeing,225.0,0.009577518411470826
579,2427,full-day_mont-tremblant_rouge_river_rafting_tour_with_lunch,family_friendly,98.29,0.009573767820824388
630,2693,full-day_mont-tremblant_rouge_river_rafting_tour_with_lunch,luxury_&_special_occasions,98.29,0.009454448354610335
300,1262,whistler_glacier_ascent_hike,outdoor_activities,177.45,0.009137493034792051
56,174,full-day_mont-tremblant_rouge_river_rafting_tour_with_lunch,"cruises,_sailing_&_water_tours",98.29,0.008532000721850837
767,3477,montreal_food_truck_tour_by_bike,recommended_experiences,159.83,0.008478965342763937
406,1670,2-day_whistler_sea_to_sky_tour_from_vancouver,tours_&_sightseeing,166.95,0.008366490704479628
296,1229,whistler_via_ferrata_tour,outdoor_activities,177.45,0.007848696323910425
513,2136,"kayak,_wine,_and_cheese_tour",water_sports,155.75,0.007818742282396322
803,3570,squamish_cheakamus_white-water_rafting_from_whistler,recommended_experiences,120.74,0.007556525312553051
69,221,small_group_excursion_of_quebec_city_montmorency_falls,cultural_&_theme_tours,35.0,0.00733539251538547
754,3436,marine_wildlife_tour_by_zodiac,recommended_experiences,110.25,0.007214043168693177
584,2440,kingston_discovery_sightseeing_cruise,family_friendly,39.55,0.007192041393022663
408,1673,kingston_discovery_sightseeing_cruise,tours_&_sightseeing,39.55,0.006882648074886113
259,1084,marine_wildlife_tour_by_zodiac,outdoor_activities,110.25,0.006843226326172628
518,2166,full-day_mont-tremblant_rouge_river_rafting_tour_with_lunch,water_sports,98.29,0.00683677936495335
598,2494,best_of_toronto_private_food_tour_with_sightseeing_and_black_car,shore_excursions,225.0,0.006685848501628722
183,696,"kayak,_wine,_and_cheese_tour","food,_wine_&_nightlife",155.75,0.00666710568512802
511,2132,4-hour_eagle_viewing_river_float_trip_from_squamish_with_lunch,water_sports,125.99,0.006385309618437206
389,1595,grouse_mountain_&_capilano_suspension_bridge_park,tours_&_sightseeing,182.0,0.006357517234910539
96,364,kingston_discovery_sightseeing_cruise,cultural_&_theme_tours,39.55,0.005889413112040876
61,201,vancouver_whale_watching_safari,"cruises,_sailing_&_water_tours",259.0,0.004837699345305663
275,1142,victoria_marine_wildlife_tour,outdoor_activities,112.35,0.004625849259988015
221,957,callaghan_valley_winter_snowmobile_tour,outdoor_activities,208.95,0.00422456900519665
509,2128,newfoundland_puffin_and_whale_watch_cruise,water_sports,72.0,0.003782863465275583
16,41,vancouver_to_victoria_seaplane_flight,"air,_helicopter_&_balloon_tours",218.0,0.0030329480706178906
694,3342,toronto_distillery_district_walking_tour,recommended_experiences,23.73,0.00250990539732655
405,1668,niagara_falls_and_niagara-on-the-lake_day_tour_from_toronto,tours_&_sightseeing,198.0,0.0
